Source,HSSO Q1a,HSSO Q1a,HSSO Q1a,HSSO Q1a,HSSO Q1a,HSSO Q1a,HSSO Q1a,HSSO K11b,Kaufmann 2019,Kaufmann 2019,"HSSO, H.4","HSSO, H.4","HSSO, H.1","HSSO, H.1",Adapted from Norway,Adapted from Norway,Adapted from Norway,Adapted from Norway,HSSO K9,HSSO K9,HSSO K9,HSSO K9,HSSO K9,HSSO K9,HSSO K9,HSSO K9,HSSO K9,HSSO K9,HSSO K9,HSSO K11b,HSSO K11b,HSSO K11b,HSSO K11b,HSSO K11b
Year,NGDP,GDP1,GDP2,GDPPC1,GDPPC2,CPIH,GDEFL,MANUF,CPI,WPI,Pmeat,Pveget,Pheating,Ptextiles,Wmeat,Wveget,Wheating,Wtextiles,IndCotton1,IndCotton2,IndCotton3,IndCotton4,IndSilk1,IndSilk2,IndSilk3,IndLinen1,IndWool1,IndLeather1,IndCloth1,OreInputTons,IronTons1,IronTons2,IronTons3,NonMetalTons
1800,,,,,,,,,100,,,,,,0.315,0.315,0.21,0.16,,,,,,,,,,,,,,,,
1801,,,,,,,,,80.06012024,,,,,,,,,,,,,,,,,,,,,,,,,
1802,,,,,,,,,82.76553106,,,,,,,,,,,,,,,,,,,,,,,,,
1803,,,,,,,,,80.96192385,,,,,,,,,,,,,,,,,,,,,,,,,
1804,,,,,,,,,73.64729459,100,,,,,,,,,,,,,,,,,,,,,,,,
1805,,,,,,,,,79.15831663,99.33333333,,,,,,,,,,,,,,,,,,,,,,,,
1806,,,,,,,,,80.96192385,101.6466667,46.609,125.189,,,,,,,,,,,,,,,,,,,,,,
1807,,,,,,,,,72.74549098,97.03333333,42.439,99.509,,,,,,,,,,,,,,,,,,,,,,
1808,,,,,,,,,65.43086172,104.1333333,42.149,81.219,,,,,,,,,,,,,,,,,,,,,,
1809,,,,,,,,,63.62725451,90.54666667,41.679,75.519,,,,,,,,,,,,,,,,,,,,,,
1810,,,,,,,,,68.23647295,94.15333333,42.329,82.179,,,,,,,,,,,,,,,,,,,,,,
1811,,,,,,,,,68.23647295,84.17333333,40.769,106.059,,,,,,,,,,,,,,,,,,,,,,
1812,,,,,,,,,81.86372745,104.0666667,39.829,131.159,,,,,,,,,,,,,,,,,,,,,,
1813,,,,,,,,,76.35270541,97.83333333,41.109,119.309,41.699,273.929,,,,,,,,,,,,,,,,,,,,
1814,,,,,,,,,72.74549098,90.37333333,45.159,96.809,42.169,265.589,,,,,,,,,,,,,,,,,,,,
1815,,,,,,,,,80.06012024,87.90666667,43.699,101.779,42.209,246.189,,,,,,,,,,,,,,,,,,,,
1816,,,,,,,,,99.09819639,101.9933333,42.939,178.629,42.859,205.949,,,,,,,,,,,,,,,,,,,,
1817,,,,,,,,,132.7655311,118.5533333,47.079,239.529,42.359,199.339,,,,,,,,,,,,,,,,,,,,
1818,,,,,,,,,85.47094188,89.56666667,44.179,114.929,43.579,234.819,,,,,,,,,,,,,,,,,,,,
1819,,,,,,,,,64.52905812,71.33333333,40.309,75.019,44.149,201.269,,,,,,,,,,,,,,,,,,,,
1820,,,,,,,,,59.11823647,68.57333333,39.379,71.029,44.469,194.349,,,,,,,,,,,,,,,,,,,,
1821,,,,,,,,,61.82364729,69.89333333,36.939,73.929,44.699,197.519,,,,,,,,,,,,,,,,,,,,
1822,,,,,,,,,59.11823647,67.07333333,36.469,67.859,44.839,193.139,,,,,,,,,,,,,,,,,,,,
1823,,,,,,,,,53.60721443,62.13333333,36.039,66.609,44.839,169.389,,,,,,,,,,,,,,,,,,,,
1824,,,,,,,,,56.41282565,62.54666667,36.009,71.919,45.909,164.329,,,,,,,,,,,,,,,,,,,,
1825,,,,,,,,,57.31462926,65.24,36.149,69.849,48.479,184.339,,,,,,,,,,,,,,,,,,,,
1826,,,,,,,,,55.51102204,58.87333333,36.009,62.359,47.709,158.589,,,,,,,,,,,,,,,,,,,,
1827,,,,,,,,,53.60721443,57.82666667,35.409,68.109,48.369,144.329,,,,,,,,,,,,,,,,,,,,
1828,,,,,,,,,59.11823647,62.70666667,36.169,85.849,47.969,147.629,,,,,,,,,,,,,,,,,,,,
1829,,,,,,,,,58.21643287,61.41333333,36.969,85.419,50.269,137.599,,,,,,,,,,,,,,,,,,,,
1830,,,,,,,,,61.82364729,60.35333333,37.049,86.629,50.25,131.349,,,,,,,,,,,,,,,,,,,,
1831,,,,,,,,,69.13827655,63.89333333,37.769,103.089,49.979,127.069,,,,,,,,,,,,,,,,,,,,
1832,,,,,,,,,76.35270541,69.64666667,40.169,120.179,52.319,133.679,,,,,,,,,,,,,,,,,,,,
1833,,,,,,,,,60.92184369,62.40666667,41.959,81.519,52.079,149.009,,,,,,,,,,,,,,,,,,,,
1834,,,,,,,,,58.21643287,62.74,39.269,75.979,54.759,161.219,,,,,,,,,,,,,,,,,,,,
1835,,,,,,,,,54.60921844,62.66666667,40.279,73.649,58.219,166.179,,,,,,,,,,,,,,,,,,,,
1836,,,,,,,,,56.41282565,68.5,39.879,78.259,64.129,189.089,,,,,,,,,,,,,,,,,,,,
1837,,,,,,,,,57.31462926,61.06666667,44.529,76.649,62.019,145.5,,,,,,,,,,,,,,,,,,,,
1838,,,,,,,,,63.62725451,64.21333333,43.5,85.169,61.389,151.669,,,,,,,,,,,,,,,,,,,,
1839,,,,,,,,,62.7254509,68.12666667,45.319,99.939,61.579,148.819,,,,,,,,,,,,,,,,,,,,
1840,,,,,,,,,61.82364729,65.03333333,43.629,93.919,59.009,140.509,,,,,,,,,,,,,,,,,,,,
1841,,,,,,,,,63.62725451,60.44666667,43.959,81.5,57.379,133.329,,,,,,,,,,,,,,,,,,,,
1842,,,,,,,,,63.62725451,63.18666667,43.619,94.589,57.219,129.729,,,,,,,,,,,,,,,,,,,,
1843,,,,,,,,,66.33266533,63.82,46.709,105.329,54.289,116.989,,,,,,,,,,,,,,,,,,,,
1844,,,,,,,,,70.04008016,64.12,47.159,101.889,54.849,126.649,,,,,,,,,,,,,,,,,,,,
1845,,,,,,,,,69.13827655,65.55333333,46,105.609,57.799,131.409,,,,,,,,,,,,,,,,,,,,
1846,,,,,,,,,80.96192385,74.98,48.25,140.389,58.019,134.659,,,,,,,,,,,,,,,,,,,,
1847,,,,,,,,,89.07815631,77.72,48.659,160.519,54.759,122.509,,,,,,,,,,,,,,,,,,,,
1848,,,,,,,,,63.62725451,54.09333333,47.009,84.479,54.489,100.369,,,,,,,,,,,,,,,,,,,,
1849,,,,,,,,,57.31462926,52.82666667,37.409,73.169,52.299,117.349,,,,,,,,,,,,,,,,,,,,
1850,,,,,,,,1.4,57.31462926,59.49333333,41.829,80.429,53.25,143.849,,,,,,,,,,,,,,,,20.5,8.6,,,
1851,608.8653844,843.745043,922.5233097,351.6656575,384.4997597,72.16224729,66,1.3,62.7254509,61.27333333,42.719,91.859,53.679,133.329,,,,,37,74.25,25.6529,26.97,35,42,11,57,35,51,57,22.4,9.4,4.6,2.6,0.17
1852,713.1048387,876.1323911,1002.960392,364.1714739,416.8885524,81.39236102,71.1,2,69.13827655,64.15333333,44.659,99.359,53.699,137.469,,,,,51,76.76,27.2499,26.36,42,45,13,60,40,58,59,24.8,10.4,5.1,2.7,0.17
1853,754.3527515,792.5338886,1020.775036,328.5297497,423.1427474,95.18239691,73.9,1.7,76.35270541,72.18,48.849,121.979,52.25,148.989,,,,,43,76.76,33.4658,19.91,48,59,16,38,35,56,52,26.7,11.2,5.6,2.9,0.34
1854,772.4566035,668.8378713,943.170456,275.5725054,388.6021661,115.4923542,81.9,2.2,98.19639279,79.02666667,52.309,153.649,55.959,131.809,,,,,53,71.72,30.3064,20.38,44,53,14,37,33,48,48,29.3,12.3,6.1,3.9,0.26
1855,851.2948625,807.6138615,1076.226122,330.7447307,440.7503831,105.4086492,79.1,3.2,87.2745491,74.68,52.079,138.969,55.089,128.909,,,,,52,84.3,35.7646,26.8,51,65,23,47,34,48,53,29.3,12.3,6.6,3.9,0.17
1856,824.8550235,807.0886995,1075.430278,328.5491577,437.785478,102.2012852,76.7,5.1,80.06012024,74.66666667,52.539,127.189,62.319,143.929,,,,,62,93.12,35.7647,38.91,49,72,20,53,39,52,63,27,11.3,6.6,4.3,0.17
1857,901.434929,865.3960859,1178.346312,350.1866076,476.8233927,104.1644333,76.5,5.6,79.15831663,76.30666667,57.579,123.529,71.039,149.309,,,,,51,94.37,37.8974,42.57,40,50,18,60,38,59,72,30.8,12.9,6.1,4.2,0.26
1858,946.4722006,1188.583058,1387.78915,478.43272,558.6178715,79.63029543,68.2,4,68.23647295,65.43333333,55.239,86.739,74.229,134.679,,,,,59,75.5,36.2118,23.6,36,60,20,75,39,65,78,34.6,14.5,7.1,5.7,0.34
1859,971.1928328,1084.997423,1364.034878,434.4490199,546.1797447,89.51107273,71.2,3.7,73.64729459,70.45333333,59.479,95.879,76.159,145.269,,,,,59,83.05,39.282,20.86,47,61,17,64,36,65,73,29.1,12.2,7.6,6.3,0.43
1860,978.1805434,900.4897785,1230.415778,358.6902731,490.1090295,108.6276121,79.5,6.6,84.56913828,76.57333333,60.789,118.349,77.129,148.639,,,,,76,93.12,40.841,24.03,56,58,23,72,38,69,70,21.5,9,6.2,5.3,0.43
1861,1045.048859,971.9701061,1309.585036,385.0520257,518.8002879,107.5186214,79.8,5.6,92.78557114,75.50666667,59.679,116.549,79.779,141.719,,,,,64,90.6,37.9945,26.75,48,47,27,70,39,64,66,19.3,8.1,5.8,5.4,0.6
1862,1046.167088,1054.049187,1402.368751,415.3038757,552.5445918,99.25220774,74.6,5.2,83.66733467,74.56,58.149,94.379,72.659,159.909,,,,,54,94.37,35.4048,27.18,55,63,33,67,35,65,63,24.8,10.4,5.4,6,0.68
1863,1065.378128,1011.173139,1443.601799,396.2616134,565.7230754,105.3606041,73.8,5.1,81.86372745,80,60.789,92.669,73.539,185.729,,,,,58,89.34,38.919,20.11,59,65,33,75,38,60,61,22,9.2,6.4,8.3,0.68
1864,1048.255003,929.9068888,1393.956121,362.4598858,543.3373841,112.7268779,75.2,4.4,80.96192385,84,60.659,91.519,81.389,206.099,,,,,57,90.6,39.6006,22.59,55,63,27,89,44,66,63,20.5,8.6,5.7,7.4,0.68
1865,1100.312149,1042.072886,1478.914179,404.0127616,573.3765933,105.5887897,74.4,5.3,80.06012024,79.53333333,58.5,90.559,79.579,188.359,,,,,55,100.66,34.5207,32.83,47,66,35,79,47,68,60,22.7,9.5,5.3,7.5,0.6
1866,1121.677522,1022.206357,1475.891476,394.2070915,569.1677438,109.7310258,76,5.3,83.66733467,80.91333333,60.219,97.929,76.099,191.929,,,,,89,105.7,34.1316,40.9,45,68,32,74,44,68,63,21.5,9,5.7,8.9,0.51
1867,1067.717644,899.6059288,1295.773839,345.0954756,497.0684107,118.6872618,82.4,7.9,92.78557114,80.72,62.779,118.409,73.939,169.889,,,,,79,114.5,33.639,47.56,35,59,38,74,47,64,66,17.2,7.2,5.2,8.5,0.6
1868,1193.320848,1102.320192,1491.65106,420.2695851,568.705515,108.2553742,80,6.5,92.78557114,75.83333333,64.359,102.399,72.089,162.899,,,,,108,124.57,35.8601,50.3,42,66,55,73,48,64,71,18.4,7.7,4.6,8.9,0.6
1869,1201.208351,1220.16498,1618.879179,462.3685352,613.4570383,98.44638805,74.2,8.8,87.2745491,74.35333333,66.629,98.099,73.839,159.219,,,,,101,119.54,39.5507,42.38,46,74,36,85,53,69,80,15.8,6.6,4.6,8.4,0.6
1870,1224.574939,1171.252935,1544.230692,441.149715,581.6309266,104.552561,79.3,10.8,89.97995992,73.88666667,65.339,98.329,79.169,155.729,,,,,109,106.96,34.2768,39.45,55,85,58,80,50,74,74,15.5,6.5,4.1,8.2,0.51
1871,1382.514754,1204.664505,1696.337122,449.5855588,633.0797244,114.7634672,81.5,13.3,98.19639279,78.91333333,70.539,119.029,85.679,154.109,,,,,121,123.31,30.2807,55.28,61,99,63,79,65,68,89,17.9,7.5,4.1,8.4,0.6
1872,1485.535331,1073.496355,1691.95368,398.0039874,627.3000446,138.3828948,87.8,17.4,103.7074148,88.32666667,81.579,132.149,90.369,171.009,,,,,118,129.6,33.4701,56.95,65,114,74,90,59,72,87,14.8,6.2,5.1,13.6,1.02
1873,1604.818773,1090.998288,1751.98556,401.8557913,645.3223175,147.0963603,91.6,16.4,114.5290581,89.99333333,88.599,145.509,94.089,154.309,,,,,103,122.05,32.8944,53.38,63,98,79,109,61,81,88,22.9,9.6,5.3,16.3,0.94
1874,1635.968453,1330.943687,1854.839516,487.0612922,678.781935,122.9179317,88.2,20.4,104.6092184,78.1,77.579,113.039,99.699,137.369,,,,,131,120.8,32.3951,51.35,78,102,75,91,78,102,94,22.9,9.6,6,18.2,0.94
1875,1753.169611,1514.572627,2024.445278,550.6936069,736.0816195,115.7534198,86.6,17.3,99.09819639,74.90666667,79.689,107.719,109.379,127.709,,,,,104,127.08,34.4783,58.6,77,106,78,103,74,108,96,19.8,8.3,6.3,18.9,0.68
1876,1812.843229,1445.713898,2012.034661,522.3143531,726.9173962,125.3943282,90.1,8.5,102.8056112,77.99333333,84.379,117.159,110.469,127.559,,,,,103,113.24,27.1699,56.93,70,107,82,87,81,100,88,11,4.6,6.6,22.3,0.68
1877,1663.973291,1315.775562,1804.743265,472.3490674,647.8831366,126.4633071,92.2,7.9,102.8056112,76.86666667,88.629,117.129,90.729,122.509,,,,,94,109.47,21.903,76.83,67,105,61,67,65,87,79,11,4.6,6.3,21.1,1.02
1878,1577.049527,1394.760944,1783.992677,497.5425191,636.3902106,113.0695216,88.4,9.8,98.19639279,71.68,84.75,114.209,81.779,112.489,,,,,78,133.38,22.3982,91.35,80,106,85,76,65,78,77,10,4.2,5.7,14.8,1.19
1879,1531.800813,1427.226613,1742.663041,505.9293204,617.7465582,107.3270915,87.9,10.7,97.29458918,68.42666667,77.419,110.529,79.719,109.399,,,,,82,139.67,31.9884,90.48,90,107,73,83,76,78,79,13.4,5.6,5.5,12.4,1.36
1880,1603.112221,1492.717475,1890.462525,525.8454485,665.9606597,107.3955553,84.8,11,98.19639279,70.97333333,79.799,115.659,77.579,115.729,,,,,102,148.48,30.2139,95.7,95,92,75,70,79,88,77,11.5,4.8,7,19.7,1.1
1881,1594.167522,1565.426688,1877.700261,548.7911263,658.2647716,101.8359744,84.9,15,96.39278557,67.22,80.269,106.029,71.389,109.009,,,,,112,127.08,32.9416,76.49,105,105,78,80,86,84,81,11.5,4.8,6.8,16,0.94
1882,1538.591819,1506.480808,1836.028423,526.1160886,641.2057076,102.1315247,83.8,16.7,95.49098196,68.3,75.849,111.379,69.829,110.639,,,,,111,127.08,27.8038,82.71,116,105,94,71,90,81,81,15.8,6.6,7.7,17.2,1.28
1883,1523.620212,1560.419479,1790.388029,542.8867824,622.8953236,97.64170682,85.1,18.5,95.49098196,64.3,79.849,95.779,73.379,105.589,,,,,113,129.6,29.3502,91.13,122,110,101,85,92,79,83,16.5,6.9,8.2,21.6,1.1
1884,1560.510686,1778.260471,1950.638357,616.3387185,676.0842775,87.75489933,80,17.2,95.49098196,61.47333333,80.759,86.759,75.029,101.839,,,,,100,128.34,27.986,99.09,112,101,111,106,106,87,104,15.3,6.4,5.7,26.7,1.19
1885,1556.916002,1979.418138,2043.196853,683.4771375,705.499414,78.65523571,76.2,15.2,86.37274549,57.84666667,74.609,80.849,73.729,95,,,,,100,125.83,25.6453,83.81,100,100,100,100,100,100,100,13.4,5.6,6.3,25.1,1.19
1886,1554.810483,2061.891092,2118.270413,709.2848613,728.6791927,75.40701298,73.4,17.5,82.76553106,57.57333333,70.819,84.889,74.599,91.779,,,,,104,125.83,24.1219,90.56,104,105,134,127,110,108,112,12.7,5.3,7,28.8,1.19
1887,1572.556323,2041.662721,2119.348144,699.702773,726.326517,77.02331568,74.2,17.8,84.56913828,58.17333333,70.729,87.779,76.319,92.209,,,,,95,137.15,26.8871,93.21,106,122,124,116,118,112,116,12.7,5.3,8.4,26.9,0.6
1888,1602.84053,2115.480948,2145.416317,722.3029733,732.5240088,75.76719288,74.71,22.3,85.47094188,56.83333333,70.469,82.199,78.209,88.989,,,,,103,139.67,25.0948,109.64,112,126,120,139,125,111,124,12.7,5.3,9.1,31.3,1.28
1889,1678.330259,2055.534289,2208.329288,699.2326731,751.2090649,81.64934381,76,23.6,88.17635271,60.20666667,73.409,93.419,79.799,95.479,,,,,104,138.41,26.3428,107.08,121,140,128,137,142,104,135,12.7,5.3,9.9,31.2,0.85
1890,1863.634053,2186.601834,2380.120119,741.0702347,806.6563135,85.22969403,78.3,22.3,89.07815631,61.00666667,80.609,87.459,84.599,94.429,,,,,124,144.71,25.157,122.82,117,127,124,160,139,104,147,12.7,5.3,11.1,32.7,1.7
1891,1817.466431,2076.508657,2231.115186,700.3165684,752.4586645,87.52510733,81.46,23.8,91.48296593,59.5,79.959,94.009,89.829,84.029,,,,,103,144.71,25.719,120.36,110,125,90,131,130,111,146,10.8,4.5,12.6,36,1.62
1892,1951.527872,2260.609729,2421.851418,752.9593074,806.6653624,86.32750039,80.58,32.3,90.28056112,56.80666667,75.559,88.879,90.509,79.179,,,,,106,138.41,25.2241,105.89,125,128,117,136,149,123,140,12.7,5.3,14.4,32.1,2.04
1893,1983.258145,2340.660885,2529.666001,770.0808965,832.2638596,84.73069113,78.4,37,88.57715431,56.54666667,76.489,81.489,83.769,84.549,,,,,108,138.41,22.5776,104.82,123,123,113,146,154,122,140,12.7,5.3,15,31.5,1.7
1894,1922.776269,2296.327009,2463.203009,746.3603891,800.5990215,83.73268535,78.06,36.6,87.4749499,53.92,81.889,79.699,78.369,70.839,,,,,101,143.44,21.8104,117.37,128,132,90,145,147,112,144,12.4,5.2,17.4,38.3,2.04
1895,2118.736601,2551.646947,2731.034546,819.4376657,877.0463232,83.0340813,77.58,42.6,86.77354709,53.22,79.509,79.039,82.909,70.629,,,,,107,154.77,21.693,134.92,132,148,128,165,163,111,162,10.3,4.3,19,50.1,2.04
1896,2181.801166,2637.10596,2782.90965,836.88425,883.1549778,82.73467956,78.4,54.3,86.57314629,54.25333333,75.599,82.929,83.339,74.599,,,,,113,161.06,22.1743,140.34,130,152,120,165,169,124,167,14.1,5.9,19.4,47.8,2.04
1897,2337.505451,2784.989602,2914.231955,873.5029958,914.0394428,83.93228651,80.21,54.6,87.7755511,55.90666667,77.759,95.469,84.719,72.769,,,,,96,162.32,21.2733,146.63,154,150,135,173,172,138,168,16.2,6.8,22.2,58.5,2.72
1898,2432.012052,2850.142338,2952.187488,883.6280694,915.2650714,85.3294946,82.38,63,89.17835671,56.35333333,79.139,86.039,88.769,78.819,,,,,105,161.06,20.8674,148.49,158,135,154,165,173,135,169,18.1,7.6,26.5,56.5,3.23
1899,2506.815616,2979.626021,3107.109093,913.239348,952.312224,84.13188766,80.68,59.6,87.9759519,58.34,77.899,90.039,90.619,83.359,,,,,101,162.32,20.2684,150.75,170,128,162,174,172,129,176,20,8.4,28.2,59.5,3.9
1900,2506.580684,3022.369835,3131.268811,915.8974015,948.8980913,82.93428072,80.05,53.9,86.67334669,56.92666667,77.049,69.799,97.339,88.359,,,,,107,149.74,17.242,149.31,173,130,135,154,159,125,165,23.1,9.7,32.2,63.4,2.98
1901,2483.928705,2995.056669,3090.616779,896.5624944,925.1681671,82.93428072,80.37,59.1,86.67334669,56.22,80.589,83.659,101.289,76.889,,,,,108,144.71,16.697,138.63,177,118,149,156,169,128,158,25.3,10.6,31.2,76.2,3.66
1902,2559.415759,3063.95458,3163.287306,905.3704215,934.722329,83.53308419,80.91,55.8,87.3747495,56.96666667,85.409,82.029,95.449,80.629,,,,,112,159.81,17.253,155.43,182,125,165,195,187,131,184,27.4,11.5,22.2,56.1,3.83
1903,2530.953363,3001.196112,3105.845335,875.4947817,906.0225597,84.33148882,81.49,67.9,88.17635271,59.33333333,87.649,85.529,92.329,88.409,,,,,107,166.09,16.3093,165.49,187,126,154,193,191,131,186,29.6,12.4,23.2,52.7,3.74
1904,2685.000108,3183.864231,3247.85304,917.0379998,935.4684871,84.33148882,82.67,68.9,88.17635271,58.43333333,86.619,80.599,91.909,88.429,,,,,107,144.71,16.1652,144.81,186,127,151,210,199,137,186,37.2,15.6,24.4,71.7,3.57
1905,2783.35023,3265.704825,3321.81672,928.8653577,944.8252802,85.22969403,83.79,90.8,89.07815631,60.20666667,88.029,93.429,92.149,87.119,,,,,97,147.22,16.2434,150.96,195,153,161,204,189,155,218,44.8,18.8,24.3,85.5,4.59
1906,3143.447006,3616.220714,3666.682615,1015.82087,1029.995959,86.92630386,85.73,110,90.88176353,62.64666667,93.059,85.369,97.699,96.889,,,,,97,157.28,14.7531,170.79,194,136,164,226,219,159,183,44.3,18.6,24.2,90.1,4.34
1907,3338.471196,3663.901566,3685.660407,1016.620856,1022.65827,91.11792816,90.58,102.5,95.29058116,67.72666667,98.099,91.449,101.739,109.389,,,,,120,183.7,13.1436,210.09,204,152,155,220,196,146,202,43.9,18.4,23.8,116.3,5.44
1908,3353.887803,3609.655792,3625.04086,989.6517496,993.8698414,92.91433857,92.52,128.2,97.09418838,62.66666667,96.129,85.239,102.419,90.429,,,,,100,174.9,10.9189,185.09,201,132,125,222,204,139,184,43.4,18.2,23.8,114.6,5.19
1909,3536.1702,3801.755553,3810.11766,1030.090648,1032.356371,93.01413915,92.81,119.7,97.19438878,63.88666667,99.829,94.339,98.629,89.939,,,,,98,156.02,12.026,179.08,195,160,162,222,221,160,202,42.9,18,23.8,102,4.5
1910,3739.105049,3923.116784,3946.285012,1050.422187,1056.625525,95.30955245,94.75,121.8,99.5991984,66.44666667,103.279,96.489,96.329,100.789,,,,,96,134.64,12.2384,153.46,185,155,183,254,218,175,207,42.2,17.7,23.8,115.6,5.78
1911,3964.86524,4008.867642,4032.203031,1061.698573,1067.87866,98.90237328,98.33,138.7,103.4068136,69.44,109.949,112.209,96.679,97.339,,,,,91,123.31,13.043,136.77,177,156,177,251,225,174,201,51.2,21.5,23.7,121,5.44
1912,4117.025442,4044.364787,4080.302718,1059.011465,1068.421764,101.7965901,100.9,136.7,106.4128257,68.16666667,110.909,100.969,95.959,96.299,,,,,100,148.48,12.9615,169.81,171,161,176,293,221,165,213,50.8,21.3,23.3,122.1,5.61
1913,4009.218595,4009.218595,4009.218595,1037.582452,1037.582452,100,100,,104.509018,69.34666667,103.719,111.089,97.699,100.639,,,,,99,129.6,12.0597,150.95,175,162,176,297,212,178,198,54.6,22.9,20.1,139.8,3.74
1914,,,,,,,,,104.3086172,66.66666667,100,100,100,100,,,,,,,,,,,,,,,,,,,,
1915,,,,,,,,,117.9358717,79.06666667,119.569,136.309,112.059,107.189,,,,,,,,,,,,,,,,,,,,
1916,,,,,,,,,136.6733467,108.9333333,140.759,181.579,136.589,189.75,,,,,,,,,,,,,,,,,,,,
1917,,,,,,,,,170.1402806,134.5333333,185.619,214.359,193.919,210.659,,,,,,,,,,,,,,,,,,,,
1918,,,,,,,,,212.9258517,197.2,239.719,256.669,334.469,327.569,,,,,,,,,,,,,,,,,,,,
1919,,,,,,,,,231.6633267,203.0666667,274.049,244.259,385.909,350.859,,,,,,,,,,,,,,,,,,,,
1920,,,,,,,,,233.7675351,195.7333333,267.459,236.149,451.519,337.519,,,,,,,,,,,,,,,,,,,,
1921,,,,,,,,,209.0180361,133.4,228.839,211.019,279.599,222.629,,,,,,,,,,,,,,,,,,,,
1922,,,,,,,,,171.0420842,105.2666667,156.769,163.089,191.039,195.219,,,,,,,,,,,,,,,,,,,,
1923,,,,,,,,,170.9418838,113.2666667,168.939,172.379,195.149,217.419,,,,,,,,,,,,,,,,,,,,
1924,,,,,,,,,176.1523046,114.1333333,180.879,164.669,185.289,227.25,,,,,,,,,,,,,,,,,,,,
1925,,,,,,,,,175.5511022,107,173.75,172.709,163.779,239.659,,,,,,,,,,,,,,,,,,,,
1926,,,,,,,,,169.238477,96.33333333,164.849,154.099,144.769,202.899,,,,,,,,,,,,,,,,,,,,
1927,,,,,,,,,167.2344689,94.8,150.739,156.279,144.929,191,,,,,,,,,,,,,,,,,,,,
1928,,,,,,,,,168.0360721,96.4,152.269,165.819,142.149,191.969,,,,,,,,,,,,,,,,,,,,
1929,,,,,,,,,168.2364729,94.13333333,,,153.6996875,168.5949377,,,,,,,,,,,,,,,,,,,,
1930,,,,,,,,,165.3306613,84.33333333,,,152.9593229,131.5997603,,,,,,,,,,,,,,,,,,,,
1931,,,,,,,,,156.7134269,73.13333333,,,137.7078125,99.57408437,,,,,,,,,,,,,,,,,,,,
1932,,,,,,,,,144.488978,64,,,125.2696875,76.93524449,,,,,,,,,,,,,,,,,,,,
1933,,,,,,,,,137.0741483,60.66666667,,,118.4583333,76.93524449,,,,,,,,,,,,,,,,,,,,
1934,,,,,,,,,135.1703407,59.8,,,113.8680729,73.43818792,,,,,,,,,,,,,,,,,,,,
1935,,,,,,,,,133.7675351,59.8,,,112.5354167,71.78168744,,,,,,,,,,,,,,,,,,,,
1936,,,,,,,,,136.0721443,63.73333333,,,114.0161458,79.14391179,,,,,,,,,,,,,,,,,,,,
1937,,,,,,,,,142.6853707,74.13333333,,,136.2270833,103.0711409,,,,,,,,,,,,,,,,,,,,
1938,,,,,,,,,142.9859719,71.4,,,139.1885417,84.66558006,,,,,,,,,,,,,,,,,,,,
1939,,,,,,,,,143.987976,74.13333333,,,139.1885417,93.8683605,,,,,,,,,,,,,,,,,,,,
1940,,,,,,,,,157.4148297,95.33333333,,,220.278602,131.3107261,,,,,,,,,,,,,,,,,,,,
1941,,,,,,,,,181.4629259,122.3333333,,,267.3631532,179.6008799,,,,,,,,,,,,,,,,,,,,
1942,,,,,,,,,201.8036072,139.7333333,,,274.2468595,228.2409623,,,,,,,,,,,,,,,,,,,,
1943,,,,,,,,,212.0240481,145.4666667,,,275.8989491,236.6392499,,,,,,,,,,,,,,,,,,,,
1944,,,,,,,,,216.5330661,148.4,,,281.9566106,242.9379656,,,,,,,,,,,,,,,,,,,,
1945,,,,,,,,,218.0360721,147.0666667,,,286.3621827,230.5154985,,,,,,,,,,,,,,,,,,,,
1946,,,,,,,,,216.8336673,143.1333333,,,326.7007017,219.8426747,,,,,,,,,,,,,,,,,,,,
1947,,,,,,,,,226.5531062,149.2,,,342.3955521,205.4956,,,,,,,,,,,,,,,,,,,,
1948,,,,,,,,,233.3667335,155,,,338.9536989,221.8547644,,,,,,,,,,,,,,,,,,,,
1949,,,,,,,,,231.3627255,147.4,,,309.9044583,204.5332962,,,,,,,,,,,,,,,,,,,,
1950,,,,,,,,,227.5551102,145.1333333,,,269.0152427,231.302838,,,,,,,,,,,,,,,,,,,,
1951,,,,,,,,,238.4777555,162.6,,,308.3900429,294.8148881,,,,,,,,,,,,,,,,,,,,
1952,,,,,,,,,244.4396994,157.8,,,333.3090597,229.0283018,,,,,,,,,,,,,,,,,,,,
1953,,,,,,,,,242.7286215,152.2666667,,,310.0421324,219.3177817,,,,,,,,,,,,,,,,,,,,
1954,,,,,,,,,244.4277219,153.5333333,,,298.4775058,218.0055493,,,,,,,,,,,,,,,,,,,,
1955,,,,,,,,,246.6275714,153.9333333,,,301.3686624,203.9209211,,,,,,,,,,,,,,,,,,,,
1956,,,,,,,,,250.3269849,157.4666667,,,325.3239604,205.0581892,,,,,,,,,,,,,,,,,,,,
1957,,,,,,,,,255.3335246,160.0666667,,,352.170415,210.9194941,,,,,,,,,,,,,,,,,,,,
1958,,,,,,,,,259.9295281,155.1333333,,,335.0988234,184.2374345,,,,,,,,,,,,,,,,,,,,
1959,,,,,,,,,258.3699509,152.6,,,304.5351673,182.1378626,,,,,,,,,,,,,,,,,,,,
1960,,,,,,,,,261.9871302,153.6,,,288.8403169,192.1108291,,,,,,,,,,,,,,,,,,,,
1961,,,,,,,,,266.7028985,153.8666667,,,283.1956778,190.7111145,,,,,,,,,,,,,,,,,,,,
1962,,,,,,,,,278.1711232,159.1333333,,,283.8840484,193.1606151,,,,,,,,,,,,,,,,,,,,
1963,,,,,,,,,287.6289414,165.2,,,306.8756275,200.8590454,,,,,,,,,,,,,,,,,,,,
1964,,,,,,,,,296.5454386,167.3333333,,,302.58368,198.771056,,,,,,,,,,,,,,,,,,,,
1965,,,,,,,,,306.6279835,168.2666667,,,307.49376,201.342064,,,,,,,,,,,,,,,,,,,,
1966,,,,,,,,,321.3461267,171.4666667,,,317.92768,208.372164,,,,,,,,,,,,,,,,,,,,
1967,,,,,,,,,334.1999717,171.9333333,,,335.72672,215.683468,,,,,,,,,,,,,,,,,,,,
1968,,,,,,,,,342.2207711,172.0666667,,,343.39872,219.499808,,,,,,,,,,,,,,,,,,,,
1969,,,,,,,,,350.7762903,177.0666667,,,349.22944,223.115288,,,,,,,,,,,,,,,,,,,,
1970,,,,,,,,,363.4042368,184.4,,,374.08672,236.372048,,,,,,,,,,,,,,,,,,,,
1971,,,,,,,,,387.3889164,188.4666667,,,395.8359479,241.6338905,,,,,,,,,,,,,,,,,,,,
1972,,,,,,,,,413.3439738,195.3333333,,,403.8106648,254.9874933,,,,,,,,,,,,,,,,,,,,
1973,,,,,,,,,449.7182435,216.2,,,448.0340949,308.9815482,,,,,,,,,,,,,,,,,,,,
1974,,,,,,,,,493.7906314,251.0666667,,,539.3808521,331.205605,,,,,,,,,,,,,,,,,,,,
1975,,,,,,,,,526.8746037,245.3333333,,,561.8550543,279.8933224,,,,,,,,,,,,,,,,,,,,
1976,,,,,,,,,535.8314719,243.8,,,587.9541278,291.6420501,,,,,,,,,,,,,,,,,,,,
1977,,,,,,,,,542.7972811,244.4,,,588.679102,294.1182259,,,,,,,,,,,,,,,,,,,,
1978,,,,,,,,,548.2252539,236.1333333,,,569.1047969,265.7005959,,,,,,,,,,,,,,,,,,,,
1979,,,,,,,,,567.961363,245.0666667,,,678.5759107,271.7802123,,,,,,,,,,,,,,,,,,,,
1980,,,,,,,,,590.6798176,257.6666667,,,724.9742636,290.2043273,,,,,,,,,,,,,,,,,,,,
1981,,,,,,,,,629.0740057,272.6,,,784.4221532,304.0173501,,,,,,,,,,,,,,,,,,,,
1982,,,,,,,,,664.931224,279.6,,,803.271484,303.5488349,,,,,,,,,,,,,,,,,,,,
1983,,,,,,,,,684.2142295,280.8666667,,,786.597076,305.6739682,,,,,,,,,,,,,,,,,,,,
1984,,,,,,,,,704.0564422,290,,,806.8963553,320.399564,,,,,,,,,,,,,,,,,,,,
1985,,,,,,,,,727.9943612,296.6666667,,,832.2704546,328.1134044,,,,,,,,,,,,,,,,,,,,
1986,,,,,,,,,733.8183161,284.9333333,,,703.2250357,307.2928299,,,,,,,,,,,,,,,,,,,,
1987,,,,,,,,,744.0917725,279.1333333,,,676.4009879,301.409027,,,,,,,,,,,,,,,,,,,,
1988,,,,,,,,,758.2295162,285.5333333,,,660.4515541,312.1465871,,,,,,,,,,,,,,,,,,,,
1989,,,,,,,,,782.4928607,297.8,,,700.3251386,334.4601433,,,,,,,,,,,,,,,,,,,,
1990,,,,,,,,,824.7474752,302.1333333,,,723.524315,333.0650684,,,,,,,,,,,,,,,,,,,,
1991,,,,,,,,,873.4075762,303.4,,,733.6739547,324.2834259,,,,,,,,,,,,,,,,,,,,
1992,,,,,,,,,908.3438793,303.7333333,,,731.4990319,322.6540933,,,,,,,,,,,,,,,,,,,,
1993,,,,,,,,,938.3192273,304.4666667,,,,,,,,,,,,,,,,,,,,,,,,
1994,,,,,,,,,946.7641003,303.4,,,,,,,,,,,,,,,,,,,,,,,,
1995,,,,,,,,,963.8058542,303.4666667,,,,,,,,,,,,,,,,,,,,,,,,
1996,,,,,,,,,971.516301,296.3333333,,,,,,,,,,,,,,,,,,,,,,,,
1997,,,,,,,,,976.3738825,296.5333333,,,,,,,,,,,,,,,,,,,,,,,,
1998,,,,,,,,,976.3738825,292.0666667,,,,,,,,,,,,,,,,,,,,,,,,
1999,,,,,,,,,984.1848736,288.0666667,,,,,,,,,,,,,,,,,,,,,,,,
2000,,,,,,,,,999.9318315,295.7333333,,,,,,,,,,,,,,,,,,,,,,,,
2001,,,,,,,,,1009.93115,295.3333333,,,,,,,,,,,,,,,,,,,,,,,,
2002,,,,,,,,,1015.990737,291.7333333,,,,,,,,,,,,,,,,,,,,,,,,
2003,,,,,,,,,1022.086681,290.8666667,,,,,,,,,,,,,,,,,,,,,,,,
2004,,,,,,,,,1030.263375,294.0666667,,,,,,,,,,,,,,,,,,,,,,,,
2005,,,,,,,,,1042.626535,297.2666667,,,,,,,,,,,,,,,,,,,,,,,,
2006,,,,,,,,,1054.095427,304.5333333,,,,,,,,,,,,,,,,,,,,,,,,
2007,,,,,,,,,1061.474095,312.5333333,,,,,,,,,,,,,,,,,,,,,,,,
2008,,,,,,,,,1086.949473,322.9333333,,,,,,,,,,,,,,,,,,,,,,,,
2009,,,,,,,,,1081.514726,310.2666667,,,,,,,,,,,,,,,,,,,,,,,,
2010,,,,,,,,,1089.085329,311,,,,,,,,,,,,,,,,,,,,,,,,
2011,,,,,,,,,1091.2635,308.2,,,,,,,,,,,,,,,,,,,,,,,,
2012,,,,,,,,,1083.624655,305.0666667,,,,,,,,,,,,,,,,,,,,,,,,
2013,,,,,,,,,1081.457406,305.0666667,,,,,,,,,,,,,,,,,,,,,,,,
2014,,,,,,,,,1081.457406,301.8,,,,,,,,,,,,,,,,,,,,,,,,
2015,,,,,,,,,1069.561374,285.5333333,,,,,,,,,,,,,,,,,,,,,,,,
2016,,,,,,,,,1065.283129,280.4,,,,,,,,,,,,,,,,,,,,,,,,
2017,,,,,,,,,1070.609545,282.8,,,,,,,,,,,,,,,,,,,,,,,,
